date,AI course,Python tutorial,Data Science course,Machine Learning tutorial,ChatGPT course,Prompt engineering course,React tutorial,JavaScript course,SQL tutorial,Excel course,Blockchain course,Cybersecurity course,Web development tutorial,Mobile app development,Cloud computing course,DevOps tutorial,UI UX design course,Digital marketing course,Project management course,Leadership training
2025-11-02,79,14,7,3,11,19,32,19,29,57,11,27,0,47,7,0,4,39,21,57
2025-11-03,83,17,9,3,13,19,40,17,38,83,11,36,5,63,6,4,4,55,26,68
2025-11-04,94,19,9,4,17,20,52,19,49,72,6,33,6,57,9,5,3,49,24,71
2025-11-05,96,17,8,3,14,19,41,19,40,82,9,32,4,59,5,5,4,46,24,66
2025-11-06,94,16,9,3,14,14,48,22,43,81,8,35,0,58,9,3,3,55,24,74
2025-11-07,87,17,9,3,13,18,40,16,35,80,9,29,0,56,9,3,4,44,23,72
2025-11-08,82,18,9,3,14,16,34,21,28,71,9,26,0,63,5,0,5,44,20,52
2025-11-09,93,17,8,3,11,18,33,12,29,59,8,31,0,50,8,0,5,42,15,55
2025-11-10,100,18,9,4,14,20,40,20,37,72,8,29,3,59,8,7,5,60,28,68
2025-11-11,90,19,10,4,13,16,41,21,42,78,10,31,0,73,10,5,6,51,27,79
2025-11-12,89,20,9,3,14,23,45,23,53,85,8,33,0,63,8,4,4,53,25,71
2025-11-13,86,19,9,4,15,20,46,22,45,81,9,34,4,57,4,5,4,56,27,75
2025-11-14,75,16,8,3,12,16,36,17,39,78,10,28,0,53,7,8,5,47,24,67
2025-11-15,70,16,9,4,11,13,32,14,28,64,7,33,0,43,9,5,0,51,21,61
2025-11-16,68,15,8,4,10,16,34,13,32,61,7,28,7,47,10,0,3,49,19,56
2025-11-17,85,17,8,3,14,18,42,17,40,77,8,31,6,57,7,4,4,61,28,74
2025-11-18,82,17,11,4,15,16,34,16,60,71,9,32,4,58,10,5,4,56,26,76
2025-11-19,90,20,9,3,14,19,53,19,51,86,8,34,0,51,6,5,4,50,30,88
2025-11-20,86,20,11,3,13,19,60,19,45,88,11,35,5,77,10,6,5,60,30,94
2025-11-21,81,20,11,4,13,21,43,19,42,78,11,34,0,74,9,7,6,60,25,73
2025-11-22,79,19,10,3,11,13,34,19,32,79,12,29,0,59,6,5,4,55,23,59
2025-11-23,77,16,9,4,9,15,32,16,34,60,10,36,0,48,7,4,4,45,20,66
2025-11-24,85,20,9,4,13,25,44,19,51,78,9,35,5,64,9,6,7,57,26,74
2025-11-25,82,21,10,4,14,18,47,22,52,82,10,34,4,57,11,7,5,55,27,83
2025-11-26,91,21,10,4,17,18,54,25,52,87,10,33,4,64,8,6,7,58,27,75
2025-11-27,81,20,10,4,15,19,43,22,52,93,10,30,5,69,10,5,5,49,26,67
2025-11-28,85,19,9,4,16,20,47,20,44,78,9,35,9,67,11,7,6,58,30,73
2025-11-29,79,20,12,4,15,21,39,26,39,78,12,38,6,56,9,5,8,57,24,78
2025-11-30,85,19,10,4,16,20,38,19,36,74,13,32,5,55,11,0,6,50,25,59
2025-12-01,96,22,13,4,19,25,52,24,54,97,10,43,6,76,12,7,4,58,33,79
2025-12-02,93,23,13,4,18,26,56,21,60,93,15,41,6,75,12,6,6,59,34,91
2025-12-03,94,28,12,4,18,21,59,25,76,99,16,46,8,91,9,8,4,62,35,96
2025-12-04,88,23,11,4,17,18,58,15,54,100,15,42,5,81,8,6,5,64,33,82
2025-12-05,82,21,10,4,14,12,64,17,48,86,8,43,4,69,8,5,5,65,28,68
2025-12-06,77,20,10,4,15,13,69,18,31,69,11,36,7,66,7,4,3,57,23,60
2025-12-07,84,21,10,4,14,20,65,22,35,65,7,34,4,64,8,5,6,41,18,55
2025-12-08,89,22,11,4,19,22,60,20,54,90,8,43,6,79,11,4,5,63,30,79
2025-12-09,87,20,10,12,19,21,54,19,45,91,10,37,7,73,8,7,4,54,30,76
2025-12-10,88,20,9,4,18,18,60,21,47,87,8,33,7,81,8,6,5,51,27,77
2025-12-11,80,18,9,3,14,18,46,19,41,83,9,38,6,79,8,5,5,52,29,85
2025-12-12,78,19,9,4,15,20,41,19,37,85,11,28,5,82,7,5,5,51,27,82
2025-12-13,69,15,9,3,12,11,35,16,30,65,9,28,0,62,8,5,0,43,20,64
2025-12-14,66,15,7,3,10,14,30,18,25,47,6,23,4,70,9,3,5,43,19,66
2025-12-15,71,17,10,3,13,15,36,17,35,65,8,30,0,72,8,5,3,45,27,77
2025-12-16,73,17,8,3,12,18,31,21,31,78,9,31,3,68,7,4,4,46,28,87
2025-12-17,91,20,10,3,15,15,46,21,43,75,8,42,5,80,8,6,3,52,25,89
2025-12-18,80,20,10,4,16,15,50,25,56,91,12,37,6,93,9,5,5,65,29,100
2025-12-19,67,16,7,3,13,16,35,28,36,74,8,27,0,78,6,4,3,52,21,69
2025-12-20,62,12,8,2,10,10,32,13,25,52,8,22,0,52,4,0,5,36,13,49
2025-12-21,63,11,7,2,10,13,30,7,27,53,6,22,0,45,5,0,0,38,16,53
2025-12-22,59,12,8,2,10,15,31,14,35,56,7,25,4,53,5,0,3,44,20,62
2025-12-23,57,12,8,2,13,16,25,14,25,64,5,18,0,65,5,0,3,37,20,52
2025-12-24,52,12,7,2,10,15,22,12,18,48,6,23,0,53,0,0,0,37,12,46
2025-12-25,47,9,8,2,8,15,22,10,16,45,5,21,0,59,6,0,0,32,13,37
2025-12-26,53,9,8,1,8,14,26,15,21,47,8,16,0,57,0,0,5,45,17,49
2025-12-27,53,10,8,2,8,16,21,7,16,47,4,15,0,57,4,0,0,39,14,43
2025-12-28,58,9,9,1,9,17,15,15,17,37,10,25,0,51,0,0,0,40,15,48
2025-12-29,64,11,8,2,9,16,24,13,25,46,5,24,0,58,0,3,5,46,21,59
2025-12-30,60,12,8,1,8,15,22,11,23,55,5,25,0,60,7,0,4,37,18,52
2025-12-31,55,10,6,2,8,12,19,12,14,48,7,14,0,59,5,0,0,34,17,45
2026-01-01,55,10,7,1,8,16,18,11,17,40,0,22,0,57,5,0,4,39,16,47
2026-01-02,64,11,8,1,10,15,23,17,19,61,8,25,0,67,4,0,5,49,19,58
2026-01-03,56,10,8,1,10,18,20,9,14,54,7,20,0,56,5,0,4,34,15,50
2026-01-04,63,12,8,1,10,14,18,9,16,49,7,21,0,52,8,0,0,40,19,55
2026-01-05,72,12,10,1,13,16,28,15,23,69,6,28,0,65,7,0,6,46,22,67
2026-01-06,74,14,10,2,11,16,28,13,25,65,10,32,0,65,5,3,6,51,27,74
2026-01-07,71,15,8,2,12,14,30,10,26,65,7,23,0,69,5,0,0,50,28,83
2026-01-08,66,14,8,1,12,13,30,9,29,83,6,29,0,77,7,0,6,52,23,72
2026-01-09,63,13,8,2,11,13,19,8,27,60,9,26,0,71,5,0,0,48,25,64
2026-01-10,57,10,7,1,9,14,21,11,15,55,5,24,0,58,5,0,0,42,19,59
2026-01-11,60,12,8,2,10,14,18,16,17,57,5,22,0,65,6,0,3,38,23,57
2026-01-12,71,14,9,1,12,21,26,13,31,59,7,25,0,69,5,4,4,46,28,74
2026-01-13,73,15,9,2,14,19,29,13,30,80,9,28,0,75,9,5,4,48,29,85
2026-01-14,75,15,9,2,13,18,28,20,36,72,11,23,0,82,6,4,3,45,33,94
2026-01-15,78,18,10,3,13,18,24,19,35,83,13,32,0,93,5,3,0,54,32,93
2026-01-16,71,14,9,2,13,14,26,20,31,81,7,31,0,78,7,4,3,50,28,90
2026-01-17,65,13,9,2,12,20,35,16,23,66,9,27,0,73,6,5,0,49,23,74
2026-01-18,68,13,10,2,12,17,27,16,26,71,12,27,5,74,7,7,4,51,25,86
2026-01-19,30,8,5,0,6,10,13,6,14,45,3,12,1,45,3,1,3,41,16,33
2026-01-20,30,8,6,0,6,9,13,8,15,52,3,12,1,47,3,1,3,36,18,66
2026-01-21,31,9,6,1,6,11,25,8,16,48,3,12,1,49,4,2,3,42,17,39
2026-01-22,35,9,6,1,6,12,17,9,16,47,4,12,1,50,4,1,3,38,18,43
2026-01-23,27,8,5,0,5,9,13,6,14,41,3,10,1,47,3,1,3,37,14,38
2026-01-24,24,6,5,0,4,7,9,6,9,34,2,9,1,36,3,1,2,30,11,29
2026-01-25,25,7,6,0,4,8,10,6,9,32,2,9,1,44,3,1,2,28,11,29
2026-01-26,28,8,5,1,5,9,12,8,13,42,3,12,1,47,3,1,2,33,15,39
2026-01-27,30,10,5,1,7,10,15,7,16,44,3,11,1,50,3,1,3,37,16,36
2026-01-28,30,10,5,1,6,9,14,7,15,46,2,11,1,41,3,1,3,34,15,34
2026-01-29,30,11,6,1,6,10,12,7,14,44,3,11,1,62,3,1,3,38,15,45
2026-01-30,29,11,5,1,6,8,12,7,14,44,3,11,1,74,3,1,3,39,14,42
2026-01-31,25,7,5,0,4,7,8,5,9,37,2,9,1,46,2,1,3,30,11,38
2026-02-01,25,11,6,0,4,8,9,6,10,33,3,10,1,65,3,1,2,28,10,47
2026-02-02,34,14,6,1,6,10,14,8,19,47,5,11,2,100,3,2,4,45,15,72
